{
  "TotalLoadKWh": 87648,
  "TotalPvGenerationKWh": 51535.2982786784,
  "TotalBatteryChargeKWh": 11437.143338748758,
  "TotalBatteryDischargeKWh": 10765.181287428668,
  "TotalDieselEnergyKWh": 46094.52414909797,
  "PvToLoadKWh": 30778.08385200017,
  "BatteryToLoadKWh": 10765.181287428668,
  "DieselToLoadKWh": 46094.52414909797,
  "DieselRunHours": 52984,
  "FuelUsedL": 13828.357244721601,
  "FailureCount": 1,
  "RecoveryCount": 1,
  "TotalRepairHours": 24,
  "SystemDownHours": 12,
  "UnservedEnergyKWh": 10.210711473863254,
  "HoursLoadFullyCovered": 87636,
  "Availability": 0.9998630887185104,
  "SocMinKWh": 1.024,
  "SocMaxKWh": 5.12,
  "SocAverageKWh": 2.0147041777753727,
  "HoursBatteryCharging": 14540,
  "HoursBatteryDischarging": 15568,
  "CurtailmentKWh": 9320.071087929828
}