{
  "Method": "MonteCarlo",
  "Runs": 1000,
  "MeanAnnualNetBenefitUsd": {
    "Mean": 4323.295530974844,
    "Median": 4323.823069794377,
    "P05": 4313.965187748365,
    "P95": 4328.15906867284
  },
  "NPV": {
    "Mean": 5814.262394341728,
    "Median": 5817.306416939744,
    "P05": 5758.462686733622,
    "P95": 5843.017058147425
  },
  "PI": {
    "Mean": 1.3876174929561154,
    "Median": 1.387820427795983,
    "P05": 1.3838975124489081,
    "P95": 1.3895344705431616
  },
  "IRR": {
    "Mean": 0.2575459435345002,
    "Median": 0.2575950098072043,
    "P05": 0.2566493130441269,
    "P95": 0.25800773970428315
  },
  "SimplePaybackYears": {
    "Mean": 3.510667872699935,
    "Median": 3.509818518186896,
    "P05": 3.5040929058791606,
    "P95": 3.5238323242518916
  },
  "DiscountedPaybackYears": {
    "Mean": 5.52076153367009,
    "Median": 5.518622354199879,
    "P05": 5.501652056294823,
    "P95": 5.558293008048347
  }
}