{
  "InitialInvestmentUsd": 15000.0,
  "DiscountRate": 0.16,
  "ProjectHorizonYears": 10,
  "MeanAnnualNetBenefitUsd": 4323.782970875841,
  "Cashflows": [
    -15000.0,
    4276.579647980325,
    4154.253972319633,
    4294.347003184041,
    4461.968533004561,
    4471.07371297857,
    4142.225005184104,
    4268.442206111473,
    4328.9974166418415,
    4528.89301361363,
    4311.049197740231
  ],
  "NPV": 5817.271840683697,
  "PI": 1.3878181227122466,
  "IRR": 0.2575944559399639,
  "SimplePaybackYears": 3.5098241638616408,
  "DiscountedPaybackYears": 5.518637030626678
}