Scenario,TotalLoadKWh,TotalPvGenerationKWh,PvToLoadKWh,BatteryToLoadKWh,DieselToLoadKWh,FuelUsedL,FuelCostUsd,UnservedEnergyKWh,SystemDownHours,Availability,AvailabilityPct,RenewableCoveragePct,CurtailmentKWh,CurtailmentPctOfPv,AnnualOmUsd,OutageCostUsd,OperatingCostUsd
Hybrid,87648.0,51535.2982786784,30778.08385200017,17689.028694723944,39171.05069093135,11751.315207275795,58756.576036378974,9.836762344974986,10,0.9998859072654254,99.98859072654254,55.29745407393679,1965.5442654245708,3.813976693791198,300.0,35.2,61791.776036396914
ColdStandby,87648.0,0.0,0.0,0.0,87648.0,26294.3999999596,131471.99999979802,0.0,0,1.0,100.0,0.0,0.0,0.0,700.0,0.0,138471.99999999997
