Metric,DirectionForHybrid,MeanDelta_HybridMinusCold,P05Delta,MedianDelta,P95Delta,ProbabilityHybridBetter
Availability,higher_is_better,-0.00014364275282949967,-0.0004911692223439512,-0.00010268346111719229,0.0,0.0
DieselToLoadKWh,n/a,-41554.24109161273,-41580.306413920174,-41550.968985423584,-41543.26513942818,
FuelUsedL,lower_is_better,-12466.272327451208,-12474.091924143428,-12465.290695594467,-12462.979541795848,1.0
HoursLoadFullyCovered,n/a,-12.59,-43.05,-9.0,0.0,
SystemDownHours,lower_is_better,12.59,0.0,9.0,43.049999999999955,0.0
TotalDieselEnergyKWh,lower_is_better,-41554.24109161273,-41580.306413920174,-41550.968985423584,-41543.26513942818,1.0
TotalLoadKWh,n/a,0.0,0.0,0.0,0.0,
UnservedEnergyKWh,lower_is_better,10.975952184548035,0.0,7.703845995411919,37.04127449198442,0.0
