Metric,Mean,Std,Min,P05,Median,P95,Max
MeanAnnualNetBenefitUsd,6628.7044837256035,3.4791133501765295,6607.416421915592,6621.8596857284265,6629.543933207571,6631.489770897924,6631.489770897924
NPV,16964.810937670485,16.396263887394838,16864.466028207535,16932.541973832336,16968.768911908326,16977.936776348408,16977.936776348408
PI,2.130987395844699,0.001093084259159654,2.1242977352138355,2.1288361315888227,2.1312512607938885,2.1318624517565605,2.1318624517565605
IRR,0.42702745761348354,0.00014496060803670762,0.4261347896037788,0.4267393278420773,0.4270581688431773,0.4271432863647474,0.4271432863647474
SimplePaybackYears,2.295982275828744,0.0007370193933139553,2.2915865109549234,2.29458257083343,2.296157841291938,2.2965718590593798,2.2965718590593798
DiscountedPaybackYears,3.088433229737015,0.001267648546524676,3.08087171041644,3.08602578972075,3.088735218323643,3.089447263602581,3.089447263602581
