{
  "Method": "MonteCarlo",
  "Runs": 1000,
  "MeanAnnualNetBenefitUsd": {
    "Mean": 6628.7044837256035,
    "Median": 6629.543933207571,
    "P05": 6621.8596857284265,
    "P95": 6631.489770897924
  },
  "NPV": {
    "Mean": 16964.810937670485,
    "Median": 16968.768911908326,
    "P05": 16932.541973832336,
    "P95": 16977.936776348408
  },
  "PI": {
    "Mean": 2.130987395844699,
    "Median": 2.1312512607938885,
    "P05": 2.1288361315888227,
    "P95": 2.1318624517565605
  },
  "IRR": {
    "Mean": 0.42702745761348354,
    "Median": 0.4270581688431773,
    "P05": 0.4267393278420773,
    "P95": 0.4271432863647474
  },
  "SimplePaybackYears": {
    "Mean": 2.295982275828744,
    "Median": 2.296157841291938,
    "P05": 2.29458257083343,
    "P95": 2.2965718590593798
  },
  "DiscountedPaybackYears": {
    "Mean": 3.088433229737015,
    "Median": 3.088735218323643,
    "P05": 3.08602578972075,
    "P95": 3.089447263602581
  }
}