{
  "Method": "MonteCarlo",
  "Runs": 1000,
  "MeanAnnualNetBenefitUsd": {
    "Mean": 7667.730709535507,
    "Median": 7670.06688199016,
    "P05": 7661.716649699583,
    "P95": 7670.06688199016
  },
  "NPV": {
    "Mean": 21922.046951727494,
    "Median": 21933.041216694197,
    "P05": 21893.76177886318,
    "P95": 21933.041216694197
  },
  "PI": {
    "Mean": 2.461469796781833,
    "Median": 2.4622027477796133,
    "P05": 2.4595841185908784,
    "P95": 2.4622027477796133
  },
  "IRR": {
    "Mean": 0.4973483462404313,
    "Median": 0.4974252530548251,
    "P05": 0.4971514742883242,
    "P95": 0.4974252530548251
  },
  "SimplePaybackYears": {
    "Mean": 2.004984160104714,
    "Median": 2.0053542393329744,
    "P05": 2.0040001185878302,
    "P95": 2.0053542393329744
  },
  "DiscountedPaybackYears": {
    "Mean": 2.614536669089679,
    "Median": 2.615110432276418,
    "P05": 2.61301103145996,
    "P95": 2.615110432276418
  }
}