{
  "InitialInvestmentUsd": 15000.0,
  "DiscountRate": 0.16,
  "ProjectHorizonYears": 10,
  "MeanAnnualNetBenefitUsd": 6628.797377635354,
  "Cashflows": [
    -15000.0,
    6608.184863409538,
    6468.718663768872,
    6496.439451027815,
    6832.758359382523,
    6752.370154933171,
    6469.617009589341,
    6666.244105109121,
    6599.2663705570685,
    6818.883577949109,
    6575.491220626978
  ],
  "NPV": 16965.243786252107,
  "PI": 2.1310162524168073,
  "IRR": 0.42703027114997494,
  "SimplePaybackYears": 2.2960231504223954,
  "DiscountedPaybackYears": 3.0885035662725375
}