{
  "InitialInvestmentUsd": 15000.0,
  "DiscountRate": 0.16,
  "ProjectHorizonYears": 10,
  "MeanAnnualNetBenefitUsd": 7668.022396360306,
  "Cashflows": [
    -15000.0,
    7591.032843594177,
    7371.51852776602,
    7564.0319035786015,
    7978.589102266917,
    7870.736878777972,
    7388.274740519131,
    7632.435189673708,
    7647.377129530273,
    8029.7213643156565,
    7606.506283580598
  ],
  "NPV": 21923.447227672437,
  "PI": 2.461563148511496,
  "IRR": 0.4973648030640605,
  "SimplePaybackYears": 2.00495088189965,
  "DiscountedPaybackYears": 2.614485075248307
}