{
  "TotalLoadKWh": 87648,
  "TotalPvGenerationKWh": 26342.43384586175,
  "TotalBatteryChargeKWh": 2684.9380928998544,
  "TotalBatteryDischargeKWh": 2530.2313716094627,
  "TotalDieselEnergyKWh": 61444.86019416063,
  "PvToLoadKWh": 23657.49575296214,
  "BatteryToLoadKWh": 2530.2313716094627,
  "DieselToLoadKWh": 61444.86019416063,
  "DieselRunHours": 71998,
  "FuelUsedL": 18433.458058233784,
  "FailureCount": 1,
  "RecoveryCount": 1,
  "TotalRepairHours": 24,
  "SystemDownHours": 19,
  "UnservedEnergyKWh": 15.412681267173216,
  "HoursLoadFullyCovered": 87629,
  "Availability": 0.9997832238043082,
  "SocMinKWh": 1.024,
  "SocMaxKWh": 4.20314161829964,
  "SocAverageKWh": 1.1604332199196534,
  "HoursBatteryCharging": 10738,
  "HoursBatteryDischarging": 7471,
  "CurtailmentKWh": 0
}