{
  "Method": "MonteCarlo",
  "Runs": 1000,
  "MeanAnnualNetBenefitUsd": {
    "Mean": 3564.2682060424863,
    "Median": 3564.894896272115,
    "P05": 3553.3815425619123,
    "P95": 3570.201483334093
  },
  "NPV": {
    "Mean": 2154.0978647833876,
    "Median": 2158.7069356188745,
    "P05": 2074.951116738733,
    "P95": 2197.2193890777057
  },
  "PI": {
    "Mean": 1.1436065243188922,
    "Median": 1.143913795707925,
    "P05": 1.138330074449249,
    "P95": 1.1464812926051804
  },
  "IRR": {
    "Mean": 0.19737933495125304,
    "Median": 0.19745962544403772,
    "P05": 0.1959627018378324,
    "P95": 0.19814990856886533
  },
  "SimplePaybackYears": {
    "Mean": 4.2291479972479005,
    "Median": 4.226957444854913,
    "P05": 4.207951360684259,
    "P95": 4.267696126635644
  },
  "DiscountedPaybackYears": {
    "Mean": 7.664210237687312,
    "Median": 7.659958714414311,
    "P05": 7.622857882250257,
    "P95": 7.739964901446756
  }
}