{
  "InitialInvestmentUsd": 15000.0,
  "DiscountRate": 0.16,
  "ProjectHorizonYears": 10,
  "MeanAnnualNetBenefitUsd": 3565.120156744129,
  "Cashflows": [
    -15000.0,
    3527.884907693493,
    3428.1299767737455,
    3492.582607979426,
    3714.545378646204,
    3686.216281173167,
    3418.448110201969,
    3520.322426938259,
    3570.868239407653,
    3734.1074681147275,
    3558.0961705126465
  ],
  "NPV": 2159.3868979080507,
  "PI": 1.1439591265272033,
  "IRR": 0.197471859384758,
  "SimplePaybackYears": 4.227023339129953,
  "DiscountedPaybackYears": 7.65944895001957
}