{
  "TotalLoadKWh": 87648,
  "TotalPvGenerationKWh": 51535.2982786784,
  "TotalBatteryChargeKWh": 18791.670161254155,
  "TotalBatteryDischargeKWh": 17689.028694723944,
  "TotalDieselEnergyKWh": 39171.05069093135,
  "PvToLoadKWh": 30778.08385200017,
  "BatteryToLoadKWh": 17689.028694723944,
  "DieselToLoadKWh": 39171.05069093135,
  "DieselRunHours": 46006,
  "FuelUsedL": 11751.315207275795,
  "FailureCount": 1,
  "RecoveryCount": 1,
  "TotalRepairHours": 24,
  "SystemDownHours": 10,
  "UnservedEnergyKWh": 9.836762344974986,
  "HoursLoadFullyCovered": 87638,
  "Availability": 0.9998859072654254,
  "SocMinKWh": 2.048,
  "SocMaxKWh": 10.24,
  "SocAverageKWh": 3.8383968604359477,
  "HoursBatteryCharging": 20342,
  "HoursBatteryDischarging": 22547,
  "CurtailmentKWh": 1965.5442654245708
}