{
  "TotalLoadKWh": 87648,
  "TotalPvGenerationKWh": 21165.912629733746,
  "TotalBatteryChargeKWh": 595.7562451929082,
  "TotalBatteryDischargeKWh": 564.5201711020086,
  "TotalDieselEnergyKWh": 66490.87895503911,
  "PvToLoadKWh": 20570.156384540696,
  "BatteryToLoadKWh": 564.5201711020086,
  "DieselToLoadKWh": 66490.87895503911,
  "DieselRunHours": 80258,
  "FuelUsedL": 19947.263686495902,
  "FailureCount": 1,
  "RecoveryCount": 1,
  "TotalRepairHours": 24,
  "SystemDownHours": 24,
  "UnservedEnergyKWh": 22.444489318371513,
  "HoursLoadFullyCovered": 87624,
  "Availability": 0.9997261774370209,
  "SocMinKWh": 1.024,
  "SocMaxKWh": 4.089072164948454,
  "SocAverageKWh": 1.0456783634541322,
  "HoursBatteryCharging": 5408,
  "HoursBatteryDischarging": 3757,
  "CurtailmentKWh": 0
}